<?xml version="1.0" encoding="UTF-8"?>
<project-private xmlns="http://www.netbeans.org/ns/project-private/1">
    <editor-bookmarks xmlns="http://www.netbeans.org/ns/editor-bookmarks/2" lastBookmarkId="0"/>
    <open-files xmlns="http://www.netbeans.org/ns/projectui-open-files/2">
        <group>
            <file>file:/C:/Users/awais/Desktop/COURSEWORK%20-%20Awais%20Hussain/FoPCoursework/src/uk/ac/bradford/dungeongame/Launcher.java</file>
            <file>file:/C:/Users/awais/Desktop/COURSEWORK%20-%20Awais%20Hussain/FoPCoursework/src/uk/ac/bradford/dungeongame/DungeonInputHandler.java</file>
            <file>file:/C:/Users/awais/Desktop/COURSEWORK%20-%20Awais%20Hussain/FoPCoursework/src/uk/ac/bradford/dungeongame/Entity.java</file>
            <file>file:/C:/Users/awais/Desktop/COURSEWORK%20-%20Awais%20Hussain/FoPCoursework/src/uk/ac/bradford/dungeongame/GameGUI.java</file>
            <file>file:/C:/Users/awais/Desktop/COURSEWORK%20-%20Awais%20Hussain/FoPCoursework/src/uk/ac/bradford/dungeongame/GameEngine.java</file>
        </group>
    </open-files>
</project-private>
